location,year,do,bod,fecal_coliform,do_good,bod_good,fecal_good,water_quality_score,year_index,station_id,do_lag1,bod_lag1,fecal_coliform_lag1,do_lag2,bod_lag2,fecal_coliform_lag2,do_change,bod_change,fecal_coliform_change
"GANGA AT ALLAHABAD D/S (SANGAM), U.P.",2012,7.1,5.1,3450.0,1,0,0,1,1,0,7.2,4.0,3408.0,,,,0.0,0.0,0.0
"GANGA AT ALLAHABAD D/S (SANGAM), U.P.",2013,8.2,3.6,6475.0,1,0,0,1,2,0,7.1,5.1,3450.0,7.2,4.0,3408.0,-0.10000000000000053,1.0999999999999996,42.0
"GANGA AT ALLAHABAD D/S (SANGAM), U.P.",2014,8.6,3.8,26000.0,1,0,0,1,3,0,8.2,3.6,6475.0,7.1,5.1,3450.0,1.0999999999999996,-1.4999999999999996,3025.0
"GANGA AT ALLAHABAD D/S (SANGAM), U.P.",2015,7.9,4.1,21300.0,1,0,0,1,4,0,8.6,3.8,26000.0,8.2,3.6,6475.0,0.40000000000000036,0.19999999999999973,19525.0
GANGA AT DAKSHINESHWAR,2012,6.1,4.1,493750.0,1,0,0,1,1,1,7.8,4.0,270333.0,,,,0.0,0.0,0.0
GANGA AT DAKSHINESHWAR,2013,5.9,4.1,443333.0,1,0,0,1,2,1,6.1,4.1,493750.0,7.8,4.0,270333.0,-1.7000000000000002,0.09999999999999964,223417.0
GANGA AT DAKSHINESHWAR,2014,6.7,4.4,592500.0,1,0,0,1,3,1,5.9,4.1,443333.0,6.1,4.1,493750.0,-0.1999999999999993,0.0,-50417.0
GANGA AT DAKSHINESHWAR,2015,6.6,4.8,182500.0,1,0,0,1,4,1,6.7,4.4,592500.0,5.9,4.1,443333.0,0.7999999999999998,0.3000000000000007,149167.0
GANGA AT GARHMUKTESHWAR,2012,8.6,3.4,920.0,1,0,1,2,1,2,8.2,3.4,1162.0,,,,0.0,0.0,0.0
GANGA AT GARHMUKTESHWAR,2013,9.0,2.9,767.0,1,1,1,3,2,2,8.6,3.4,920.0,8.2,3.4,1162.0,0.40000000000000036,0.0,-242.0
GANGA AT GARHMUKTESHWAR,2014,9.1,2.8,725.0,1,1,1,3,3,2,9.0,2.9,767.0,8.6,3.4,920.0,0.40000000000000036,-0.5,-153.0
GANGA AT GARHMUKTESHWAR,2015,7.7,3.0,733.0,1,1,1,3,4,2,9.1,2.8,725.0,9.0,2.9,767.0,0.09999999999999964,-0.10000000000000009,-42.0
GANGA AT HARIDWAR D/S,2012,7.2,5.3,1007.5,1,0,1,2,1,3,6.7,5.6,1150.0,,,,0.0,0.0,0.0
GANGA AT HARIDWAR D/S,2013,6.5,5.2,865.0,1,0,1,2,2,3,7.2,5.3,1007.5,6.7,5.6,1150.0,0.5,-0.2999999999999998,-142.5
GANGA AT HARIDWAR D/S,2014,5.0,5.2,722.5,1,0,1,2,3,3,6.5,5.2,865.0,7.2,5.3,1007.5,-0.7000000000000002,-0.09999999999999964,-142.5
GANGA AT HARIDWAR D/S,2015,9.2,2.8,580.0,1,1,1,3,4,3,5.0,5.2,722.5,6.5,5.2,865.0,-1.5,0.0,-142.5
"GANGA AT KANNAUJ D/S, U.P",2012,8.3,4.8,6045.0,1,0,0,1,1,4,7.8,5.5,3508.0,,,,0.0,0.0,0.0
"GANGA AT KANNAUJ D/S, U.P",2013,7.9,4.3,1517.0,1,0,1,2,2,4,8.3,4.8,6045.0,7.8,5.5,3508.0,0.5000000000000009,-0.7000000000000002,2537.0
"GANGA AT KANNAUJ D/S, U.P",2014,5.8,3.0,4000.0,1,1,0,2,3,4,7.9,4.3,1517.0,8.3,4.8,6045.0,-0.40000000000000036,-0.5,-4528.0
"GANGA AT KANNAUJ D/S, U.P",2015,7.9,3.7,2930.0,1,0,0,1,4,4,5.8,3.0,4000.0,7.9,4.3,1517.0,-2.1000000000000005,-1.2999999999999998,2483.0
GANGA AT KANNAUJ U/S (RAJGHAT),2012,8.6,4.0,4673.0,1,0,0,1,1,5,7.9,4.5,3042.0,,,,0.0,0.0,0.0
GANGA AT KANNAUJ U/S (RAJGHAT),2013,8.2,4.0,1210.0,1,0,1,2,2,5,8.6,4.0,4673.0,7.9,4.5,3042.0,0.6999999999999993,-0.5,1631.0
GANGA AT KANNAUJ U/S (RAJGHAT),2014,7.8,2.8,3500.0,1,1,0,2,3,5,8.2,4.0,1210.0,8.6,4.0,4673.0,-0.40000000000000036,0.0,-3463.0
GANGA AT KANNAUJ U/S (RAJGHAT),2015,8.4,3.5,2270.0,1,0,1,2,4,5,7.8,2.8,3500.0,8.2,4.0,1210.0,-0.39999999999999947,-1.2000000000000002,2290.0
GANGA AT KANPUR D/S (JAJMAU PUMPING STATION),2012,6.6,8.3,23927.0,1,0,0,1,1,6,6.9,8.4,38942.0,,,,0.0,0.0,0.0
GANGA AT KANPUR D/S (JAJMAU PUMPING STATION),2013,6.7,6.8,13567.0,1,0,0,1,2,6,6.6,8.3,23927.0,6.9,8.4,38942.0,-0.3000000000000007,-0.09999999999999964,-15015.0
GANGA AT KANPUR D/S (JAJMAU PUMPING STATION),2014,7.3,7.7,40000.0,1,0,0,1,3,6,6.7,6.8,13567.0,6.6,8.3,23927.0,0.10000000000000053,-1.5000000000000009,-10360.0
GANGA AT KANPUR D/S (JAJMAU PUMPING STATION),2015,6.5,5.5,20889.0,1,0,0,1,4,6,7.3,7.7,40000.0,6.7,6.8,13567.0,0.5999999999999996,0.9000000000000004,26433.0
GANGA AT KANPUR U/S (RANIGHAT),2012,8.7,4.3,6245.0,1,0,0,1,1,7,8.6,4.3,6667.0,,,,0.0,0.0,0.0
GANGA AT KANPUR U/S (RANIGHAT),2013,8.3,3.4,1358.0,1,0,1,2,2,7,8.7,4.3,6245.0,8.6,4.3,6667.0,0.09999999999999964,0.0,-422.0
GANGA AT KANPUR U/S (RANIGHAT),2014,7.8,3.5,4200.0,1,0,0,1,3,7,8.3,3.4,1358.0,8.7,4.3,6245.0,-0.3999999999999986,-0.8999999999999999,-4887.0
GANGA AT KANPUR U/S (RANIGHAT),2015,8.2,2.9,3267.0,1,1,0,2,4,7,7.8,3.5,4200.0,8.3,3.4,1358.0,-0.5000000000000009,0.10000000000000009,2842.0
GANGA AT TRIGHAT (GHAZIPUR),2012,7.6,3.7,14167.0,1,0,0,1,1,8,7.3,4.3,13000.0,,,,0.0,0.0,0.0
GANGA AT TRIGHAT (GHAZIPUR),2013,7.9,3.7,15167.0,1,0,0,1,2,8,7.6,3.7,14167.0,7.3,4.3,13000.0,0.2999999999999998,-0.5999999999999996,1167.0
GANGA AT TRIGHAT (GHAZIPUR),2014,7.7,3.9,14000.0,1,0,0,1,3,8,7.9,3.7,15167.0,7.6,3.7,14167.0,0.3000000000000007,0.0,1000.0
GANGA AT TRIGHAT (GHAZIPUR),2015,7.5,4.2,22000.0,1,0,0,1,4,8,7.7,3.9,14000.0,7.9,3.7,15167.0,-0.20000000000000018,0.19999999999999973,-1167.0
"GANGA AT VARANASI D/S (MALVIYA BRIDGE), U.P",2012,7.4,5.0,31667.0,1,0,0,1,1,9,7.1,8.0,40000.0,,,,0.0,0.0,0.0
"GANGA AT VARANASI D/S (MALVIYA BRIDGE), U.P",2013,7.9,4.6,34500.0,1,0,0,1,2,9,7.4,5.0,31667.0,7.1,8.0,40000.0,0.3000000000000007,-3.0,-8333.0
"GANGA AT VARANASI D/S (MALVIYA BRIDGE), U.P",2014,7.7,4.4,34000.0,1,0,0,1,3,9,7.9,4.6,34500.0,7.4,5.0,31667.0,0.5,-0.40000000000000036,2833.0
"GANGA AT VARANASI D/S (MALVIYA BRIDGE), U.P",2015,7.3,4.9,32500.0,1,0,0,1,4,9,7.7,4.4,34000.0,7.9,4.6,34500.0,-0.20000000000000018,-0.1999999999999993,-500.0
